{"train/clip_ratio/high_mean":0.0001874741545179859,"train/completions/min_length":1236.8,"train/frac_reward_zero_std":0,"train/completions/mean_terminated_length":690.7,"_timestamp":1.774346232747819e+09,"profiling/Time taken: GRPOTrainer._prepare_inputs":4.215165972709656e-06,"profiling/Time taken: GRPOTrainer.termination_reward":0.000125175341963768,"profiling/Time taken: GRPOTrainer.efficiency_reward":0.00165480375289917,"train/rewards/correctness_reward/std":0.07071067690849304,"train/reward":1.1598142385482788,"train/num_tokens":594775,"train/rewards/termination_reward/std":0.1632926881313324,"train/completions/mean_length":1352.525,"train/rewards/efficiency_reward/std":0.04977788701653481,"_step":1559,"train/clip_ratio/low_min":0.0003667075900011696,"train/entropy":0.4317560650408268,"train/grad_norm":0.318359375,"train/completions/max_terminated_length":762.2,"train/clip_ratio/high_max":0.0001874741545179859,"train/completions/max_length":1418.2,"train/global_step":100,"profiling/Time taken: GRPOTrainer.compute_loss":0.06698383297771215,"profiling/Time taken: GRPOTrainer.correctness_reward":0.0016284682787954807,"train/clip_ratio/region_mean":0.0005541817445191555,"_runtime":1416,"train/rewards/correctness_reward/mean":0.025,"_wandb":{"runtime":1416},"train/kl":0.0006669815324130468,"train/epoch":0.003787591849102341,"profiling/Time taken: GRPOTrainer._get_per_token_logps_and_entropies":0.034010648261755705,"train/loss":0.022849017381668092,"train/learning_rate":4.77459110167712e-07,"train/step_time":13.111078259022907,"train/completions/min_terminated_length":636.8,"train/reward_std":0.2606764379888773,"profiling/Time taken: GRPOTrainer.transformers.generate":24.626596400048584,"profiling/Time taken: GRPOTrainer._calculate_rewards":0.004285823088139296,"train/rewards/efficiency_reward/mean":0.8598142623901367,"train/clip_ratio/low_mean":0.0003667075900011696,"train/completions/clipped_ratio":0.725,"train/rewards/termination_reward/mean":0.275}