{"profiling/Time taken: GRPOTrainer.efficiency_reward":0.0013539637438952923,"train/reward":1.0900580406188964,"train/global_step":500,"train/completions/max_terminated_length":567.4,"train/clip_ratio/region_mean":0,"train_samples_per_second":0.2,"train/clip_ratio/high_max":0,"profiling/Time taken: GRPOTrainer.transformers.generate":25.790931268129498,"train_steps_per_second":0.05,"train/rewards/correctness_reward/std":0.1414213538169861,"train/rewards/correctness_reward/mean":0.05,"train/rewards/efficiency_reward/std":0.04957988224923611,"train/clip_ratio/low_min":0,"train/grad_norm":0.08935546875,"train/frac_reward_zero_std":0,"profiling/Time taken: GRPOTrainer._calculate_rewards":0.003211508970707655,"_runtime":10006,"_wandb":{"runtime":10006},"_timestamp":1.774362693505351e+09,"train/rewards/efficiency_reward/mean":0.8400580525398255,"train_runtime":10005.2771,"train/rewards/termination_reward/std":0.1414213538169861,"train_loss":0.02597024493291974,"train/completions/mean_length":1409.375,"train/entropy":0.4448978964239359,"train/completions/min_length":1350.8,"train/loss":0.020198096334934235,"train/step_time":14.329035779181869,"train/kl":0.0006905164169438649,"train/rewards/termination_reward/mean":0.2,"train/reward_std":0.3198904559016228,"total_flos":0,"profiling/Time taken: GRPOTrainer._prepare_inputs":5.044043064117432e-06,"profiling/Time taken: GRPOTrainer.correctness_reward":0.0009001139551401138,"train/completions/max_length":1500,"train/num_tokens":3.051955e+06,"train/clip_ratio/high_mean":0,"_step":7800,"train/epoch":0.018937959245511702,"train/completions/mean_terminated_length":494.20001220703125,"train/clip_ratio/low_mean":0,"train/completions/clipped_ratio":0.8,"profiling/Time taken: GRPOTrainer._get_per_token_logps_and_entropies":0.03457364393398166,"train/completions/min_terminated_length":450.8,"profiling/Time taken: GRPOTrainer.compute_loss":0.06999491900205612,"profiling/Time taken: GRPOTrainer.termination_reward":0.00010436493903398514,"train/learning_rate":5.354583967692727e-12}