{"train/grad_norm":0.1611328125,"train/kl":0.0004531666974799009,"profiling/Time taken: GRPOTrainer.reward_fn":0.001278833020478487,"train/reward_std":0.38200017213821413,"train/completions/mean_length":1915.575,"train/clip_ratio/low_mean":0,"profiling/Time taken: GRPOTrainer.compute_loss":0.15413082111626863,"_runtime":35571,"train/clip_ratio/region_mean":0,"train/clip_ratio/high_max":0,"train/epoch":0.05251750583527843,"_wandb":{"runtime":35571},"train/rewards/reward_fn/std":0.38200017511844636,"train/entropy":0.28835492562502624,"profiling/Time taken: GRPOTrainer._prepare_inputs":5.982444536872208,"_timestamp":1.7742895023858993e+09,"train/global_step":630,"profiling/Time taken: GRPOTrainer._get_per_token_logps_and_entropies":0.03976050391793251,"train/reward":0.4287500061094761,"train/learning_rate":6.372517855335655e-07,"train/frac_reward_zero_std":0.1,"train/clip_ratio/low_min":0,"train/completions/max_length":2746.9,"train/completions/mean_terminated_length":1561.6845458984376,"train/completions/min_length":1061.6,"train/clip_ratio/high_mean":0,"profiling/Time taken: GRPOTrainer.transformers.generate":5.9176489152014256,"train/loss":-0.1530114769935608,"_step":17844,"train/step_time":50.68191121113487,"profiling/Time taken: GRPOTrainer._calculate_rewards":0.0017257044091820717,"train/completions/clipped_ratio":0.325,"train/completions/max_terminated_length":2151.6,"train/completions/min_terminated_length":1061.6,"train/rewards/reward_fn/mean":0.4287500061094761,"train/num_tokens":1.1229817e+07}