{"train/grad_norm":0.015478821471333504,"_wandb":{"runtime":20713},"train/entropy":0.6252651996257013,"train/global_step":1940,"_timestamp":1.7739256652034638e+09,"train_runtime":17632.8142,"train/loss":0.6166989135742188,"train/learning_rate":1.7681964410320995e-09,"total_flos":1.3458240583478804e+18,"_step":77,"train_steps_per_second":0.11,"train/num_tokens":1.62026623e+08,"train/epoch":2,"train/mean_token_accuracy":0.8107368140889887,"_runtime":20713,"train_loss":0.6452166031316383,"train_samples_per_second":3.518}