{"train/epoch":0.0050645733096986575,"profiling/Time taken: GRPOTrainer._get_per_token_logps_and_entropies":0.13804274192079902,"train/completions/mean_length":1931.8875,"train/frac_reward_zero_std":0.3,"train/completions/min_terminated_length":625.8,"train/reward":0.05499999895691872,"profiling/Time taken: GRPOTrainer.compute_loss":0.3001799201592803,"train/num_tokens":981165,"train/completions/clipped_ratio":0.8,"profiling/Time taken: GRPOTrainer._calculate_rewards":0.008640453685075045,"profiling/Time taken: GRPOTrainer.transformers.generate":22.96484801825136,"train/clip_ratio/high_max":0,"train/entropy":0.48279236741364,"train/clip_ratio/high_mean":0,"train/completions/mean_terminated_length":745.8416748046875,"_wandb":{"runtime":6090},"train/grad_norm":0.02883768454194069,"train/clip_ratio/region_mean":0,"train/completions/max_terminated_length":862.4,"profiling/Time taken: GRPOTrainer._prepare_inputs":22.97220795135945,"train/loss":0.0665089726448059,"train/clip_ratio/low_mean":0,"train/reward_std":0.23921571373939515,"train/clip_ratio/low_min":0,"train/global_step":60,"train/learning_rate":4.944426548382482e-07,"train/kl":0.0007284866238478571,"_runtime":6090,"train/rewards/reward_fn/mean":0.05499999895691872,"train/step_time":98.05117090386338,"_step":1715,"profiling/Time taken: GRPOTrainer.reward_fn":0.005739602725952864,"train/completions/min_length":1649.8,"_timestamp":1.774117367907191e+09,"train/completions/max_length":2048,"train/rewards/reward_fn/std":0.2392157219350338}